id,samp_date,spectrum,YC,YB,birthnest,rearnest,habitat_origin,habitat_rearing,cross_fostered,sex
BA59,7.6.13,COL_AM_POLLOS_0001,0.434237693,9.638093104,S124,S124,Urban,Urban,0,1
BA59,7.6.13,COL_AM_POLLOS_0002,0.445379604,9.830564633,S124,S124,Urban,Urban,0,1
BA59,7.6.13,COL_AM_POLLOS_0003,0.471063891,9.203300684,S124,S124,Urban,Urban,0,1
BA59,7.6.13,COL_AM_POLLOS_0004,0.38620655,11.32595709,S124,S124,Urban,Urban,0,1
BA59,7.6.13,COL_AM_POLLOS_0005,0.491177799,9.906397452,S124,S124,Urban,Urban,0,1
BA59,7.6.13,COL_AM_POLLOS_0006,0.427273597,9.582024583,S124,S124,Urban,Urban,0,1
BA62,7.6.13,COL_AM_POLLOS_0007,0.501436743,13.69199377,V148,S124,Forest,Urban,1,1
BA62,7.6.13,COL_AM_POLLOS_0008,0.4952874,14.50708855,V148,S124,Forest,Urban,1,1
BA62,7.6.13,COL_AM_POLLOS_0009,0.56135362,12.91652017,V148,S124,Forest,Urban,1,1
BA62,7.6.13,COL_AM_POLLOS_0010,0.494227267,13.78236898,V148,S124,Forest,Urban,1,1
BA62,7.6.13,COL_AM_POLLOS_0011,0.475333923,13.46715161,V148,S124,Forest,Urban,1,1
BA62,7.6.13,COL_AM_POLLOS_0012,0.494986702,13.26073216,V148,S124,Forest,Urban,1,1
BA63,7.6.13,COL_AM_POLLOS_0013,0.516271273,12.53300664,V148,S124,Forest,Urban,1,1
BA63,7.6.13,COL_AM_POLLOS_0014,0.489087192,10.42107277,V148,S124,Forest,Urban,1,1
BA63,7.6.13,COL_AM_POLLOS_0015,0.490933012,12.29998486,V148,S124,Forest,Urban,1,1
BA63,7.6.13,COL_AM_POLLOS_0016,0.413820945,12.38128515,V148,S124,Forest,Urban,1,1
BA63,7.6.13,COL_AM_POLLOS_0017,0.475359628,11.6717047,V148,S124,Forest,Urban,1,1
BA63,7.6.13,COL_AM_POLLOS_0018,0.4942573,11.96127827,V148,S124,Forest,Urban,1,1
BA64,7.6.13,COL_AM_POLLOS_0019,0.541690471,13.4383026,S124,S124,Urban,Urban,0,2
BA64,7.6.13,COL_AM_POLLOS_0020,0.521910368,14.38546084,S124,S124,Urban,Urban,0,2
BA64,7.6.13,COL_AM_POLLOS_0021,0.42502465,12.80047779,S124,S124,Urban,Urban,0,2
BA64,7.6.13,COL_AM_POLLOS_0022,0.411211677,13.36706127,S124,S124,Urban,Urban,0,2
BA64,7.6.13,COL_AM_POLLOS_0023,0.412682196,12.95876799,S124,S124,Urban,Urban,0,2
BA64,7.6.13,COL_AM_POLLOS_0024,0.420608087,12.6980897,S124,S124,Urban,Urban,0,2
BA70,11.6.13,COL_AM_POLLOS_0025,0.540230861,13.12248859,V135,P31,Forest,Urban,1,2
BA70,11.6.13,COL_AM_POLLOS_0026,0.450258486,13.25109739,V135,P31,Forest,Urban,1,2
BA70,11.6.13,COL_AM_POLLOS_0027,0.457865395,11.35288254,V135,P31,Forest,Urban,1,2
BA70,11.6.13,COL_AM_POLLOS_0028,0.356189712,13.15293575,V135,P31,Forest,Urban,1,2
BA70,11.6.13,COL_AM_POLLOS_0029,0.378688476,13.20605183,V135,P31,Forest,Urban,1,2
BA70,11.6.13,COL_AM_POLLOS_0030,0.455136798,12.72739299,V135,P31,Forest,Urban,1,2
BA71,11.6.13,COL_AM_POLLOS_0031,0.434719647,9.247578404,P31,P31,Urban,Urban,0,1
BA71,11.6.13,COL_AM_POLLOS_0032,0.415467293,10.584327,P31,P31,Urban,Urban,0,1
BA71,11.6.13,COL_AM_POLLOS_0033,0.448818838,8.809281184,P31,P31,Urban,Urban,0,1
BA71,11.6.13,COL_AM_POLLOS_0034,0.409015472,8.24764914,P31,P31,Urban,Urban,0,1
BA71,11.6.13,COL_AM_POLLOS_0035,0.38259357,10.2166781,P31,P31,Urban,Urban,0,1
BA71,11.6.13,COL_AM_POLLOS_0036,0.388419477,10.27191994,P31,P31,Urban,Urban,0,1
BA72,11.6.13,COL_AM_POLLOS_0037,0.412086154,10.31006799,P31,P31,Urban,Urban,0,1
BA72,11.6.13,COL_AM_POLLOS_0038,0.369254507,10.97282212,P31,P31,Urban,Urban,0,1
BA72,11.6.13,COL_AM_POLLOS_0039,0.382052076,9.76186416,P31,P31,Urban,Urban,0,1
BA72,11.6.13,COL_AM_POLLOS_0040,0.443360355,10.43298302,P31,P31,Urban,Urban,0,1
BA72,11.6.13,COL_AM_POLLOS_0041,0.388622083,9.473840409,P31,P31,Urban,Urban,0,1
BA72,11.6.13,COL_AM_POLLOS_0042,0.358569084,10.1066295,P31,P31,Urban,Urban,0,1
BC107,5.6.13,COL_AM_POLLOS_0043,0.610048909,14.56526854,P55,P55,Urban,Urban,0,1
BC107,5.6.13,COL_AM_POLLOS_0044,0.571859975,14.1357971,P55,P55,Urban,Urban,0,1
BC107,5.6.13,COL_AM_POLLOS_0045,0.584480513,15.69129593,P55,P55,Urban,Urban,0,1
BC107,5.6.13,COL_AM_POLLOS_0046,0.518590183,13.74025839,P55,P55,Urban,Urban,0,1
BC107,5.6.13,COL_AM_POLLOS_0047,0.371121393,13.55055923,P55,P55,Urban,Urban,0,1
BC107,5.6.13,COL_AM_POLLOS_0048,0.397636422,13.59924196,P55,P55,Urban,Urban,0,1
BC108,5.6.13,COL_AM_POLLOS_0049,0.694731905,11.52417026,V153,P55,Forest,Urban,1,2
BC108,5.6.13,COL_AM_POLLOS_0050,0.628060268,11.44817945,V153,P55,Forest,Urban,1,2
BC108,5.6.13,COL_AM_POLLOS_0051,0.643286758,10.35328737,V153,P55,Forest,Urban,1,2
BC108,5.6.13,COL_AM_POLLOS_0052,0.59444366,10.58523629,V153,P55,Forest,Urban,1,2
BC108,5.6.13,COL_AM_POLLOS_0053,0.583088641,11.2018678,V153,P55,Forest,Urban,1,2
BC108,5.6.13,COL_AM_POLLOS_0054,0.542170786,10.81870282,V153,P55,Forest,Urban,1,2
BC109,5.6.13,COL_AM_POLLOS_0055,0.60076389,9.267614343,V153,P55,Forest,Urban,1,1
BC109,5.6.13,COL_AM_POLLOS_0056,0.614915123,9.738238113,V153,P55,Forest,Urban,1,1
BC109,5.6.13,COL_AM_POLLOS_0057,0.537017346,9.001864141,V153,P55,Forest,Urban,1,1
BC109,5.6.13,COL_AM_POLLOS_0058,0.670939546,9.62714864,V153,P55,Forest,Urban,1,1
BC109,5.6.13,COL_AM_POLLOS_0059,0.65380632,9.790132577,V153,P55,Forest,Urban,1,1
BC109,5.6.13,COL_AM_POLLOS_0060,0.689984773,8.666663242,V153,P55,Forest,Urban,1,1
BC110,5.6.13,COL_AM_POLLOS_0061,0.485641574,10.06216201,P55,P55,Urban,Urban,0,2
BC110,5.6.13,COL_AM_POLLOS_0062,0.51112048,10.23475015,P55,P55,Urban,Urban,0,2
BC110,5.6.13,COL_AM_POLLOS_0063,0.452941642,9.778428573,P55,P55,Urban,Urban,0,2
BC110,5.6.13,COL_AM_POLLOS_0064,0.470062315,10.28050824,P55,P55,Urban,Urban,0,2
BC110,5.6.13,COL_AM_POLLOS_0065,0.531678931,11.92134881,P55,P55,Urban,Urban,0,2
BC110,5.6.13,COL_AM_POLLOS_0066,0.502712623,10.9093143,P55,P55,Urban,Urban,0,2
BC124,5.6.13,COL_AM_POLLOS_0067,0.511539497,9.319792742,V153,V153,Forest,Forest,0,2
BC124,5.6.13,COL_AM_POLLOS_0068,0.530425501,11.40171723,V153,V153,Forest,Forest,0,2
BC124,5.6.13,COL_AM_POLLOS_0069,0.680660766,8.883306042,V153,V153,Forest,Forest,0,2
BC124,5.6.13,COL_AM_POLLOS_0070,0.657627557,8.633349895,V153,V153,Forest,Forest,0,2
BC124,5.6.13,COL_AM_POLLOS_0071,0.535721053,9.551591771,V153,V153,Forest,Forest,0,2
BC124,5.6.13,COL_AM_POLLOS_0072,0.544339133,10.73306312,V153,V153,Forest,Forest,0,2
BC125,5.6.13,COL_AM_POLLOS_0073,0.503858094,8.375456301,P55,V153,Urban,Forest,1,2
BC125,5.6.13,COL_AM_POLLOS_0074,0.522584453,8.151755788,P55,V153,Urban,Forest,1,2
BC125,5.6.13,COL_AM_POLLOS_0075,0.505287572,9.291909227,P55,V153,Urban,Forest,1,2
BC125,5.6.13,COL_AM_POLLOS_0076,0.451130607,8.300673664,P55,V153,Urban,Forest,1,2
BC125,5.6.13,COL_AM_POLLOS_0077,0.54524767,7.695228389,P55,V153,Urban,Forest,1,2
BC125,5.6.13,COL_AM_POLLOS_0078,0.541057577,7.480137785,P55,V153,Urban,Forest,1,2
BA73,11.6.13,COL_AM_POLLOS_0079,0.536013859,8.136340769,P31,P31,Urban,Urban,0,1
BA73,11.6.13,COL_AM_POLLOS_0080,0.433444109,9.196419031,P31,P31,Urban,Urban,0,1
BA73,11.6.13,COL_AM_POLLOS_0081,0.506431596,8.618723125,P31,P31,Urban,Urban,0,1
BA73,11.6.13,COL_AM_POLLOS_0082,0.48639843,8.393257644,P31,P31,Urban,Urban,0,1
BA73,11.6.13,COL_AM_POLLOS_0083,0.46594511,8.558205028,P31,P31,Urban,Urban,0,1
BA73,11.6.13,COL_AM_POLLOS_0084,0.438217341,8.712411269,P31,P31,Urban,Urban,0,1
BA77,11.6.13,COL_AM_POLLOS_0085,0.532333062,9.035312247,P138,P138,Urban,Urban,0,2
BA77,11.6.13,COL_AM_POLLOS_0086,0.495681405,9.366187852,P138,P138,Urban,Urban,0,2
BA77,11.6.13,COL_AM_POLLOS_0087,0.477790924,9.623017964,P138,P138,Urban,Urban,0,2
BA77,11.6.13,COL_AM_POLLOS_0088,0.539211918,8.082253206,P138,P138,Urban,Urban,0,2
BA77,11.6.13,COL_AM_POLLOS_0089,0.504930637,9.185526008,P138,P138,Urban,Urban,0,2
BA77,11.6.13,COL_AM_POLLOS_0090,0.446270026,9.849925202,P138,P138,Urban,Urban,0,2
BA80,11.6.13,COL_AM_POLLOS_0091,0.507787731,8.994773526,V374,P138,Forest,Urban,1,2
BA80,11.6.13,COL_AM_POLLOS_0092,0.536701033,10.23742119,V374,P138,Forest,Urban,1,2
BA80,11.6.13,COL_AM_POLLOS_0093,0.484311729,9.745258498,V374,P138,Forest,Urban,1,2
BA80,11.6.13,COL_AM_POLLOS_0094,0.586580691,9.088117144,V374,P138,Forest,Urban,1,2
BA80,11.6.13,COL_AM_POLLOS_0095,0.431204571,10.8260902,V374,P138,Forest,Urban,1,2
BA80,11.6.13,COL_AM_POLLOS_0096,0.453010803,10.4599726,V374,P138,Forest,Urban,1,2
BA81,11.6.13,COL_AM_POLLOS_0097,0.465493401,9.720777486,P138,P138,Urban,Urban,0,2
BA81,11.6.13,COL_AM_POLLOS_0098,0.490270429,12.82051608,P138,P138,Urban,Urban,0,2
BA81,11.6.13,COL_AM_POLLOS_0099,0.390548265,10.54604872,P138,P138,Urban,Urban,0,2
BA81,11.6.13,COL_AM_POLLOS_0100,0.495979747,12.11342291,P138,P138,Urban,Urban,0,2
BA81,11.6.13,COL_AM_POLLOS_0101,0.496937038,11.87883624,P138,P138,Urban,Urban,0,2
BA81,11.6.13,COL_AM_POLLOS_0102,0.510491285,11.50939691,P138,P138,Urban,Urban,0,2
BA82,11.6.13,COL_AM_POLLOS_0103,0.468861333,8.305867388,V374,P138,Forest,Urban,1,2
BA82,11.6.13,COL_AM_POLLOS_0104,0.504398506,9.55268298,V374,P138,Forest,Urban,1,2
BA82,11.6.13,COL_AM_POLLOS_0105,0.476092379,9.969096996,V374,P138,Forest,Urban,1,2
BA82,11.6.13,COL_AM_POLLOS_0106,0.426664705,10.78234203,V374,P138,Forest,Urban,1,2
BA82,11.6.13,COL_AM_POLLOS_0107,0.482277573,9.882183295,V374,P138,Forest,Urban,1,2
BA82,11.6.13,COL_AM_POLLOS_0108,0.46548575,8.880963581,V374,P138,Forest,Urban,1,2
BA90,14.6.13,COL_AM_POLLOS_0109,0.351504412,10.49692031,P67,P67,Urban,Urban,0,1
BA90,14.6.13,COL_AM_POLLOS_0110,0.29860247,9.770222391,P67,P67,Urban,Urban,0,1
BA90,14.6.13,COL_AM_POLLOS_0111,0.321937899,10.01334834,P67,P67,Urban,Urban,0,1
BA90,14.6.13,COL_AM_POLLOS_0112,0.330367501,9.900000453,P67,P67,Urban,Urban,0,1
BA90,14.6.13,COL_AM_POLLOS_0113,0.256200351,11.6830492,P67,P67,Urban,Urban,0,1
BA90,14.6.13,COL_AM_POLLOS_0114,0.318372775,10.30573131,P67,P67,Urban,Urban,0,1
BA91,14.6.13,COL_AM_POLLOS_0115,0.377602389,11.21183964,V381,P67,Forest,Urban,1,2
BA91,14.6.13,COL_AM_POLLOS_0116,0.418736397,11.58148207,V381,P67,Forest,Urban,1,2
BA91,14.6.13,COL_AM_POLLOS_0117,0.406720369,11.76855266,V381,P67,Forest,Urban,1,2
BA91,14.6.13,COL_AM_POLLOS_0118,0.392211053,11.51739327,V381,P67,Forest,Urban,1,2
BA91,14.6.13,COL_AM_POLLOS_0119,0.422519287,11.16431179,V381,P67,Forest,Urban,1,2
BA91,14.6.13,COL_AM_POLLOS_0120,0.456387467,11.5206049,V381,P67,Forest,Urban,1,2
BC128,5.6.13,COL_AM_POLLOS_0121,0.449223183,10.92907136,P55,V153,Urban,Forest,1,2
BC128,5.6.13,COL_AM_POLLOS_0122,0.427790069,10.55448703,P55,V153,Urban,Forest,1,2
BC128,5.6.13,COL_AM_POLLOS_0123,0.413788579,11.20791009,P55,V153,Urban,Forest,1,2
BC128,5.6.13,COL_AM_POLLOS_0124,0.455398118,9.119072186,P55,V153,Urban,Forest,1,2
BC128,5.6.13,COL_AM_POLLOS_0125,0.44666389,13.90268162,P55,V153,Urban,Forest,1,2
BC128,5.6.13,COL_AM_POLLOS_0126,0.549674874,10.46174729,P55,V153,Urban,Forest,1,2
BC129,5.6.13,COL_AM_POLLOS_0127,0.585178682,8.967118034,V153,V153,Forest,Forest,0,2
BC129,5.6.13,COL_AM_POLLOS_0128,0.550580707,7.722778233,V153,V153,Forest,Forest,0,2
BC129,5.6.13,COL_AM_POLLOS_0129,0.548976501,10.82908219,V153,V153,Forest,Forest,0,2
BC129,5.6.13,COL_AM_POLLOS_0130,0.446395362,10.91076476,V153,V153,Forest,Forest,0,2
BC129,5.6.13,COL_AM_POLLOS_0131,0.494274958,9.004213784,V153,V153,Forest,Forest,0,2
BC129,5.6.13,COL_AM_POLLOS_0132,0.488478931,8.01888928,V153,V153,Forest,Forest,0,2
BC149,7.6.13,COL_AM_POLLOS_0133,0.681980666,12.42488905,V148,V148,Forest,Forest,0,2
BC149,7.6.13,COL_AM_POLLOS_0134,0.605168048,11.32800682,V148,V148,Forest,Forest,0,2
BC149,7.6.13,COL_AM_POLLOS_0135,0.570198733,13.23248064,V148,V148,Forest,Forest,0,2
BC149,7.6.13,COL_AM_POLLOS_0136,0.506762566,12.63715458,V148,V148,Forest,Forest,0,2
BC149,7.6.13,COL_AM_POLLOS_0137,0.39297107,10.3169262,V148,V148,Forest,Forest,0,2
BC149,7.6.13,COL_AM_POLLOS_0138,0.58268033,12.97547182,V148,V148,Forest,Forest,0,2
BC150,7.6.13,COL_AM_POLLOS_0139,0.636379922,11.63716443,S124,V148,Urban,Forest,1,1
BC150,7.6.13,COL_AM_POLLOS_0140,0.568841907,11.57911249,S124,V148,Urban,Forest,1,1
BC150,7.6.13,COL_AM_POLLOS_0141,0.602128933,10.66971078,S124,V148,Urban,Forest,1,1
BC150,7.6.13,COL_AM_POLLOS_0142,0.607392923,12.62601007,S124,V148,Urban,Forest,1,1
BC150,7.6.13,COL_AM_POLLOS_0143,0.597558354,11.19947227,S124,V148,Urban,Forest,1,1
BC150,7.6.13,COL_AM_POLLOS_0144,0.673570124,13.42922502,S124,V148,Urban,Forest,1,1
BC151,7.6.13,COL_AM_POLLOS_0145,0.765587825,9.9882299,S124,V148,Urban,Forest,1,1
BC151,7.6.13,COL_AM_POLLOS_0146,0.596616444,10.48806291,S124,V148,Urban,Forest,1,1
BC151,7.6.13,COL_AM_POLLOS_0147,0.555139993,8.623274157,S124,V148,Urban,Forest,1,1
BC151,7.6.13,COL_AM_POLLOS_0148,0.505056521,10.56011729,S124,V148,Urban,Forest,1,1
BC151,7.6.13,COL_AM_POLLOS_0149,0.555199022,9.256806492,S124,V148,Urban,Forest,1,1
BC151,7.6.13,COL_AM_POLLOS_0150,0.524434409,10.86781028,S124,V148,Urban,Forest,1,1
BC153,7.6.13,COL_AM_POLLOS_0151,0.680917975,11.64978829,V148,V148,Forest,Forest,0,1
BC153,7.6.13,COL_AM_POLLOS_0152,0.484054199,12.39059975,V148,V148,Forest,Forest,0,1
BC153,7.6.13,COL_AM_POLLOS_0153,0.590255389,10.68490895,V148,V148,Forest,Forest,0,1
BC153,7.6.13,COL_AM_POLLOS_0154,0.456874427,12.42019779,V148,V148,Forest,Forest,0,1
BC153,7.6.13,COL_AM_POLLOS_0155,0.544909908,12.46801653,V148,V148,Forest,Forest,0,1
BC153,7.6.13,COL_AM_POLLOS_0156,0.557497385,11.58469628,V148,V148,Forest,Forest,0,1
BC244,11.6.13,COL_AM_POLLOS_0157,0.510953455,8.553017277,P138,V374,Urban,Forest,1,1
BC244,11.6.13,COL_AM_POLLOS_0158,0.354253909,10.12921126,P138,V374,Urban,Forest,1,1
BC244,11.6.13,COL_AM_POLLOS_0159,0.473930878,7.00046682,P138,V374,Urban,Forest,1,1
BC244,11.6.13,COL_AM_POLLOS_0160,0.418065472,9.741609342,P138,V374,Urban,Forest,1,1
BC244,11.6.13,COL_AM_POLLOS_0161,0.431969188,7.792714431,P138,V374,Urban,Forest,1,1
BC244,11.6.13,COL_AM_POLLOS_0162,0.382233835,10.01336798,P138,V374,Urban,Forest,1,1
BC245,11.6.13,COL_AM_POLLOS_0163,0.313799964,10.66267464,V374,V374,Forest,Forest,0,2
BC245,11.6.13,COL_AM_POLLOS_0164,0.407960475,10.09588665,V374,V374,Forest,Forest,0,2
BC245,11.6.13,COL_AM_POLLOS_0165,0.354049738,11.70626052,V374,V374,Forest,Forest,0,2
BC245,11.6.13,COL_AM_POLLOS_0166,0.344618797,10.9752933,V374,V374,Forest,Forest,0,2
BC245,11.6.13,COL_AM_POLLOS_0167,0.378157164,8.980861446,V374,V374,Forest,Forest,0,2
BC245,11.6.13,COL_AM_POLLOS_0168,0.28345641,10.28566061,V374,V374,Forest,Forest,0,2
BC247,11.6.13,COL_AM_POLLOS_0169,0.335867211,10.66352434,V374,V374,Forest,Forest,0,1
BC247,11.6.13,COL_AM_POLLOS_0170,0.319831863,9.840687599,V374,V374,Forest,Forest,0,1
BC247,11.6.13,COL_AM_POLLOS_0171,0.386911834,11.90146669,V374,V374,Forest,Forest,0,1
BC247,11.6.13,COL_AM_POLLOS_0172,0.295460304,10.85411379,V374,V374,Forest,Forest,0,1
BC247,11.6.13,COL_AM_POLLOS_0173,0.26960095,11.52408897,V374,V374,Forest,Forest,0,1
BC247,11.6.13,COL_AM_POLLOS_0174,0.330944568,11.47357704,V374,V374,Forest,Forest,0,1
BC249,11.6.13,COL_AM_POLLOS_0175,0.37483236,8.109112171,P138,V374,Urban,Forest,1,2
BC249,11.6.13,COL_AM_POLLOS_0176,0.360811549,9.674076891,P138,V374,Urban,Forest,1,2
BC249,11.6.13,COL_AM_POLLOS_0177,0.375146934,8.057157873,P138,V374,Urban,Forest,1,2
BC249,11.6.13,COL_AM_POLLOS_0178,0.369005039,7.720678505,P138,V374,Urban,Forest,1,2
BC249,11.6.13,COL_AM_POLLOS_0179,0.223447571,9.467806216,P138,V374,Urban,Forest,1,2
BC249,11.6.13,COL_AM_POLLOS_0180,0.327002778,8.1749593,P138,V374,Urban,Forest,1,2
BC263,11.6.13,COL_AM_POLLOS_0181,0.318840862,8.013655202,P31,V135,Urban,Forest,1,2
BC263,11.6.13,COL_AM_POLLOS_0182,0.391388272,9.978298661,P31,V135,Urban,Forest,1,2
BC263,11.6.13,COL_AM_POLLOS_0183,0.316869551,8.096747755,P31,V135,Urban,Forest,1,2
BC263,11.6.13,COL_AM_POLLOS_0184,0.287913504,7.419673872,P31,V135,Urban,Forest,1,2
BC263,11.6.13,COL_AM_POLLOS_0185,0.348891338,6.699133663,P31,V135,Urban,Forest,1,2
BC263,11.6.13,COL_AM_POLLOS_0186,0.414944613,8.442377344,P31,V135,Urban,Forest,1,2
BC264,11.6.13,COL_AM_POLLOS_0187,0.373069194,9.194449913,V135,V135,Forest,Forest,0,2
BC264,11.6.13,COL_AM_POLLOS_0188,0.383502556,10.50835894,V135,V135,Forest,Forest,0,2
BC264,11.6.13,COL_AM_POLLOS_0189,0.404264217,9.394626012,V135,V135,Forest,Forest,0,2
BC264,11.6.13,COL_AM_POLLOS_0190,0.305141442,9.92934548,V135,V135,Forest,Forest,0,2
BC264,11.6.13,COL_AM_POLLOS_0191,0.319600467,9.218436997,V135,V135,Forest,Forest,0,2
BC264,11.6.13,COL_AM_POLLOS_0192,0.303407531,9.156090553,V135,V135,Forest,Forest,0,2
BC265,11.6.13,COL_AM_POLLOS_0193,0.421705357,8.607271546,P31,V135,Urban,Forest,1,1
BC265,11.6.13,COL_AM_POLLOS_0194,0.363214175,8.307003588,P31,V135,Urban,Forest,1,1
BC265,11.6.13,COL_AM_POLLOS_0195,0.427776643,7.807060433,P31,V135,Urban,Forest,1,1
BC265,11.6.13,COL_AM_POLLOS_0196,0.317142722,8.339636308,P31,V135,Urban,Forest,1,1
BC265,11.6.13,COL_AM_POLLOS_0197,0.369142387,7.475653766,P31,V135,Urban,Forest,1,1
BC265,11.6.13,COL_AM_POLLOS_0198,0.347322009,9.633786355,P31,V135,Urban,Forest,1,1
BC266,11.6.13,COL_AM_POLLOS_0199,0.422187795,7.901585736,V135,V135,Forest,Forest,0,2
BC266,11.6.13,COL_AM_POLLOS_0200,0.40664392,9.574269736,V135,V135,Forest,Forest,0,2
BC266,11.6.13,COL_AM_POLLOS_0201,0.450645037,7.888201348,V135,V135,Forest,Forest,0,2
BC266,11.6.13,COL_AM_POLLOS_0202,0.37106114,8.987733157,V135,V135,Forest,Forest,0,2
BC266,11.6.13,COL_AM_POLLOS_0203,0.444542733,9.124055405,V135,V135,Forest,Forest,0,2
BC266,11.6.13,COL_AM_POLLOS_0204,0.429570439,9.187843792,V135,V135,Forest,Forest,0,2
BC278,12.6.13,COL_AM_POLLOS_0205,0.403328592,8.648070194,P9,P9,Urban,Urban,0,1
BC278,12.6.13,COL_AM_POLLOS_0206,0.423751438,6.514318917,P9,P9,Urban,Urban,0,1
BC278,12.6.13,COL_AM_POLLOS_0207,0.305953638,7.665707689,P9,P9,Urban,Urban,0,1
BC278,12.6.13,COL_AM_POLLOS_0208,0.31483003,10.03505598,P9,P9,Urban,Urban,0,1
BC278,12.6.13,COL_AM_POLLOS_0209,0.484424418,10.48754697,P9,P9,Urban,Urban,0,1
BC278,12.6.13,COL_AM_POLLOS_0210,0.476395627,11.66296458,P9,P9,Urban,Urban,0,1
BC279,12.6.13,COL_AM_POLLOS_0211,0.319096798,9.576985691,V219,P9,Forest,Urban,1,1
BC279,12.6.13,COL_AM_POLLOS_0212,0.373855523,9.511124073,V219,P9,Forest,Urban,1,1
BC279,12.6.13,COL_AM_POLLOS_0213,0.354979973,9.692024446,V219,P9,Forest,Urban,1,1
BC279,12.6.13,COL_AM_POLLOS_0214,0.295950673,9.052835801,V219,P9,Forest,Urban,1,1
BC279,12.6.13,COL_AM_POLLOS_0215,0.303371192,8.993072374,V219,P9,Forest,Urban,1,1
BC279,12.6.13,COL_AM_POLLOS_0216,0.423249422,10.06025026,V219,P9,Forest,Urban,1,1
BC281,12.6.13,COL_AM_POLLOS_0217,0.375984136,7.424107651,P48,P48,Urban,Urban,0,1
BC281,12.6.13,COL_AM_POLLOS_0218,0.347855044,6.957748067,P48,P48,Urban,Urban,0,1
BC281,12.6.13,COL_AM_POLLOS_0219,0.429224662,8.015724779,P48,P48,Urban,Urban,0,1
BC281,12.6.13,COL_AM_POLLOS_0220,0.464178907,8.865442042,P48,P48,Urban,Urban,0,1
BC281,12.6.13,COL_AM_POLLOS_0221,0.426597046,8.067106643,P48,P48,Urban,Urban,0,1
BC281,12.6.13,COL_AM_POLLOS_0222,0.435825612,8.412843049,P48,P48,Urban,Urban,0,1
BC282,12.6.13,COL_AM_POLLOS_0223,0.400341645,10.26040002,VP140,P48,Forest,Urban,1,2
BC282,12.6.13,COL_AM_POLLOS_0224,0.468552684,9.957025943,VP140,P48,Forest,Urban,1,2
BC282,12.6.13,COL_AM_POLLOS_0225,0.426104023,9.281051302,VP140,P48,Forest,Urban,1,2
BC282,12.6.13,COL_AM_POLLOS_0226,0.373655892,10.57539212,VP140,P48,Forest,Urban,1,2
BC282,12.6.13,COL_AM_POLLOS_0227,0.408620942,11.88944252,VP140,P48,Forest,Urban,1,2
BC282,12.6.13,COL_AM_POLLOS_0228,0.421481428,9.862014346,VP140,P48,Forest,Urban,1,2
BC296,NO DATE,COL_AM_POLLOS_0229,0.4725396,5.820285567,V33,P148,Forest,Urban,1,1
BC296,NO DATE,COL_AM_POLLOS_0230,0.388082182,6.571192452,V33,P148,Forest,Urban,1,1
BC296,NO DATE,COL_AM_POLLOS_0231,0.506673581,7.589065159,V33,P148,Forest,Urban,1,1
BC296,NO DATE,COL_AM_POLLOS_0232,0.352819884,8.20027558,V33,P148,Forest,Urban,1,1
BC296,NO DATE,COL_AM_POLLOS_0233,0.406848936,8.982737868,V33,P148,Forest,Urban,1,1
BC296,NO DATE,COL_AM_POLLOS_0234,0.444070313,7.622983539,V33,P148,Forest,Urban,1,1
BC297,NO DATE,COL_AM_POLLOS_0235,0.392125451,7.249019672,P148,P148,Urban,Urban,0,1
BC297,NO DATE,COL_AM_POLLOS_0236,0.388152894,7.241379811,P148,P148,Urban,Urban,0,1
BC297,NO DATE,COL_AM_POLLOS_0237,0.50398876,7.398993905,P148,P148,Urban,Urban,0,1
BC297,NO DATE,COL_AM_POLLOS_0238,0.469015179,8.293366785,P148,P148,Urban,Urban,0,1
BC297,NO DATE,COL_AM_POLLOS_0239,0.539849245,7.692456526,P148,P148,Urban,Urban,0,1
BC297,NO DATE,COL_AM_POLLOS_0240,0.50686407,9.503674724,P148,P148,Urban,Urban,0,1
BC298,NO DATE,COL_AM_POLLOS_0241,0.453488863,8.51960951,V33,P148,Forest,Urban,1,2
BC298,NO DATE,COL_AM_POLLOS_0242,0.443450454,10.33139162,V33,P148,Forest,Urban,1,2
BC298,NO DATE,COL_AM_POLLOS_0243,0.470443315,9.260377814,V33,P148,Forest,Urban,1,2
BC298,NO DATE,COL_AM_POLLOS_0244,0.487306302,8.563984117,V33,P148,Forest,Urban,1,2
BC298,NO DATE,COL_AM_POLLOS_0245,0.534844023,8.142636577,V33,P148,Forest,Urban,1,2
BC298,NO DATE,COL_AM_POLLOS_0246,0.421601676,9.621972403,V33,P148,Forest,Urban,1,2
BC299,NO DATE,COL_AM_POLLOS_0247,0.437938416,10.26490216,P148,P148,Urban,Urban,0,2
BC299,NO DATE,COL_AM_POLLOS_0248,0.403457934,8.802871162,P148,P148,Urban,Urban,0,2
BC299,NO DATE,COL_AM_POLLOS_0249,0.46954155,8.533238222,P148,P148,Urban,Urban,0,2
BC299,NO DATE,COL_AM_POLLOS_0250,0.430561952,9.223117609,P148,P148,Urban,Urban,0,2
BC299,NO DATE,COL_AM_POLLOS_0251,0.360777615,11.31001986,P148,P148,Urban,Urban,0,2
BC299,NO DATE,COL_AM_POLLOS_0252,0.429413718,10.21246649,P148,P148,Urban,Urban,0,2
BC283,12.6.13,COL_AM_POLLOS_0253,0.522693074,10.18040909,P23,P23,Urban,Urban,0,2
BC283,12.6.13,COL_AM_POLLOS_0254,0.454588554,8.319096762,P23,P23,Urban,Urban,0,2
BC283,12.6.13,COL_AM_POLLOS_0255,0.500221331,9.576376785,P23,P23,Urban,Urban,0,2
BC283,12.6.13,COL_AM_POLLOS_0256,0.368074612,10.29582453,P23,P23,Urban,Urban,0,2
BC283,12.6.13,COL_AM_POLLOS_0257,0.516553521,11.754599,P23,P23,Urban,Urban,0,2
BC283,12.6.13,COL_AM_POLLOS_0258,0.598590967,11.59901038,P23,P23,Urban,Urban,0,2
BC284,12.6.13,COL_AM_POLLOS_0259,0.413152508,8.865460254,P23,P23,Urban,Urban,0,1
BC284,12.6.13,COL_AM_POLLOS_0260,0.454298936,10.69734974,P23,P23,Urban,Urban,0,1
BC284,12.6.13,COL_AM_POLLOS_0261,0.416440231,11.19581006,P23,P23,Urban,Urban,0,1
BC284,12.6.13,COL_AM_POLLOS_0262,0.48545124,9.322659412,P23,P23,Urban,Urban,0,1
BC284,12.6.13,COL_AM_POLLOS_0263,0.480260939,10.76845152,P23,P23,Urban,Urban,0,1
BC284,12.6.13,COL_AM_POLLOS_0264,0.429055164,10.20325291,P23,P23,Urban,Urban,0,1
BC285,12.6.13,COL_AM_POLLOS_0265,0.458051219,11.6292062,V15,P23,Forest,Urban,1,1
BC285,12.6.13,COL_AM_POLLOS_0266,0.438397852,9.614423598,V15,P23,Forest,Urban,1,1
BC285,12.6.13,COL_AM_POLLOS_0267,0.435924925,11.05084683,V15,P23,Forest,Urban,1,1
BC285,12.6.13,COL_AM_POLLOS_0268,0.492872285,9.702987596,V15,P23,Forest,Urban,1,1
BC285,12.6.13,COL_AM_POLLOS_0269,0.347564105,12.48304163,V15,P23,Forest,Urban,1,1
BC285,12.6.13,COL_AM_POLLOS_0270,0.462510916,13.95158372,V15,P23,Forest,Urban,1,1
BC287,12.6.13,COL_AM_POLLOS_0271,0.51223216,9.014229708,V15,P23,Forest,Urban,1,2
BC287,12.6.13,COL_AM_POLLOS_0272,0.368910357,8.802314987,V15,P23,Forest,Urban,1,2
BC287,12.6.13,COL_AM_POLLOS_0273,0.40138791,9.295860181,V15,P23,Forest,Urban,1,2
BC287,12.6.13,COL_AM_POLLOS_0274,0.478247608,8.570988466,V15,P23,Forest,Urban,1,2
BC287,12.6.13,COL_AM_POLLOS_0275,0.650511206,7.562983686,V15,P23,Forest,Urban,1,2
BC287,12.6.13,COL_AM_POLLOS_0276,0.599474015,7.512919657,V15,P23,Forest,Urban,1,2
BC302,13.6.13,COL_AM_POLLOS_0277,0.468639797,7.871953392,S8,S8,Urban,Urban,0,1
BC302,13.6.13,COL_AM_POLLOS_0278,0.389078427,7.935164076,S8,S8,Urban,Urban,0,1
BC302,13.6.13,COL_AM_POLLOS_0279,0.434298832,8.21697754,S8,S8,Urban,Urban,0,1
BC302,13.6.13,COL_AM_POLLOS_0280,0.351965065,8.470106183,S8,S8,Urban,Urban,0,1
BC302,13.6.13,COL_AM_POLLOS_0281,0.450535285,8.617361236,S8,S8,Urban,Urban,0,1
BC302,13.6.13,COL_AM_POLLOS_0282,0.492846153,8.003720226,S8,S8,Urban,Urban,0,1
BC303,13.6.13,COL_AM_POLLOS_0283,0.393606824,10.28191678,V238,S8,Forest,Urban,1,2
BC303,13.6.13,COL_AM_POLLOS_0284,0.419562632,9.999221735,V238,S8,Forest,Urban,1,2
BC303,13.6.13,COL_AM_POLLOS_0285,0.266397991,10.33759139,V238,S8,Forest,Urban,1,2
BC303,13.6.13,COL_AM_POLLOS_0286,0.424015104,8.572076448,V238,S8,Forest,Urban,1,2
BC303,13.6.13,COL_AM_POLLOS_0287,0.450022689,11.01890922,V238,S8,Forest,Urban,1,2
BC303,13.6.13,COL_AM_POLLOS_0288,0.493079516,9.770879705,V238,S8,Forest,Urban,1,2
BC323,13.6.13,COL_AM_POLLOS_0289,0.457719462,9.405051223,V238,V238,Forest,Forest,0,1
BC323,13.6.13,COL_AM_POLLOS_0290,0.391150475,10.03716064,V238,V238,Forest,Forest,0,1
BC323,13.6.13,COL_AM_POLLOS_0291,0.491843263,7.672385604,V238,V238,Forest,Forest,0,1
BC323,13.6.13,COL_AM_POLLOS_0292,0.341791014,11.1585349,V238,V238,Forest,Forest,0,1
BC323,13.6.13,COL_AM_POLLOS_0293,0.37851873,9.464216191,V238,V238,Forest,Forest,0,1
BC323,13.6.13,COL_AM_POLLOS_0294,0.427101744,8.420619687,V238,V238,Forest,Forest,0,1
BC325,13.6.13,COL_AM_POLLOS_0295,0.492310652,11.06411315,S8,V238,Urban,Forest,1,2
BC325,13.6.13,COL_AM_POLLOS_0296,0.45941924,9.926241781,S8,V238,Urban,Forest,1,2
BC325,13.6.13,COL_AM_POLLOS_0297,0.449145434,9.188854017,S8,V238,Urban,Forest,1,2
BC325,13.6.13,COL_AM_POLLOS_0298,0.447037445,10.73130716,S8,V238,Urban,Forest,1,2
BC325,13.6.13,COL_AM_POLLOS_0299,0.466603946,9.958540572,S8,V238,Urban,Forest,1,2
BC325,13.6.13,COL_AM_POLLOS_0300,0.514783156,9.517433871,S8,V238,Urban,Forest,1,2
BC326,13.6.13,COL_AM_POLLOS_0301,0.457336809,9.702205589,S8,V238,Urban,Forest,1,1
BC326,13.6.13,COL_AM_POLLOS_0302,0.411017434,9.133570517,S8,V238,Urban,Forest,1,1
BC326,13.6.13,COL_AM_POLLOS_0303,0.425855193,10.58736048,S8,V238,Urban,Forest,1,1
BC326,13.6.13,COL_AM_POLLOS_0304,0.476951211,12.07331785,S8,V238,Urban,Forest,1,1
BC326,13.6.13,COL_AM_POLLOS_0305,0.493308554,8.619635609,S8,V238,Urban,Forest,1,1
BC326,13.6.13,COL_AM_POLLOS_0306,0.403107625,11.19557014,S8,V238,Urban,Forest,1,1
BC327,13.6.13,COL_AM_POLLOS_0307,0.48617163,8.854712479,V238,V238,Forest,Forest,0,1
BC327,13.6.13,COL_AM_POLLOS_0308,0.490244975,10.85905975,V238,V238,Forest,Forest,0,1
BC327,13.6.13,COL_AM_POLLOS_0309,0.504650403,8.727164367,V238,V238,Forest,Forest,0,1
BC327,13.6.13,COL_AM_POLLOS_0310,0.389519597,9.560645273,V238,V238,Forest,Forest,0,1
BC327,13.6.13,COL_AM_POLLOS_0311,0.441178833,9.272640406,V238,V238,Forest,Forest,0,1
BC327,13.6.13,COL_AM_POLLOS_0312,0.425321143,11.51968894,V238,V238,Forest,Forest,0,1
BP1,12.6.13,COL_AM_POLLOS_0313,0.482922258,12.65327618,P148,V33,Urban,Forest,1,2
BP1,12.6.13,COL_AM_POLLOS_0314,0.468613135,12.35297351,P148,V33,Urban,Forest,1,2
BP1,12.6.13,COL_AM_POLLOS_0315,0.474084078,13.90505814,P148,V33,Urban,Forest,1,2
BP1,12.6.13,COL_AM_POLLOS_0316,0.488070074,13.45146425,P148,V33,Urban,Forest,1,2
BP1,12.6.13,COL_AM_POLLOS_0317,0.414299327,11.03859108,P148,V33,Urban,Forest,1,2
BP1,12.6.13,COL_AM_POLLOS_0318,0.460881741,11.64704871,P148,V33,Urban,Forest,1,2
BP2,12.6.13,COL_AM_POLLOS_0319,0.496064331,11.0792442,V33,V33,Forest,Forest,0,2
BP2,12.6.13,COL_AM_POLLOS_0320,0.451055294,9.636377015,V33,V33,Forest,Forest,0,2
BP2,12.6.13,COL_AM_POLLOS_0321,0.460591696,11.22051288,V33,V33,Forest,Forest,0,2
BP2,12.6.13,COL_AM_POLLOS_0322,0.390900808,10.28137165,V33,V33,Forest,Forest,0,2
BP2,12.6.13,COL_AM_POLLOS_0323,0.478352357,10.1760517,V33,V33,Forest,Forest,0,2
BP2,12.6.13,COL_AM_POLLOS_0324,0.497553125,10.5103048,V33,V33,Forest,Forest,0,2
BP3,12.6.13,COL_AM_POLLOS_0325,0.39278613,9.369958076,V33,V33,Forest,Forest,0,1
BP3,12.6.13,COL_AM_POLLOS_0326,0.568536425,9.993453076,V33,V33,Forest,Forest,0,1
BP3,12.6.13,COL_AM_POLLOS_0327,0.404046232,9.519695056,V33,V33,Forest,Forest,0,1
BP3,12.6.13,COL_AM_POLLOS_0328,0.393582155,8.839287443,V33,V33,Forest,Forest,0,1
BP3,12.6.13,COL_AM_POLLOS_0329,0.350967126,9.990348058,V33,V33,Forest,Forest,0,1
BP3,12.6.13,COL_AM_POLLOS_0330,0.38466579,10.70847483,V33,V33,Forest,Forest,0,1
BP6,12.6.13,COL_AM_POLLOS_0331,0.392279263,10.11932264,P148,V33,Urban,Forest,1,1
BP6,12.6.13,COL_AM_POLLOS_0332,0.509287045,9.592594947,P148,V33,Urban,Forest,1,1
BP6,12.6.13,COL_AM_POLLOS_0333,0.358301332,10.05692131,P148,V33,Urban,Forest,1,1
BP6,12.6.13,COL_AM_POLLOS_0334,0.496145515,10.10416807,P148,V33,Urban,Forest,1,1
BP6,12.6.13,COL_AM_POLLOS_0335,0.460455823,9.888327049,P148,V33,Urban,Forest,1,1
BP6,12.6.13,COL_AM_POLLOS_0336,0.493676375,10.33668622,P148,V33,Urban,Forest,1,1
BP16,12.6.13,COL_AM_POLLOS_0337,0.354690519,9.88226192,V14,V14,Forest,Forest,0,1
BP16,12.6.13,COL_AM_POLLOS_0338,0.4780424,12.30234171,V14,V14,Forest,Forest,0,1
BP16,12.6.13,COL_AM_POLLOS_0339,0.38499155,11.13916145,V14,V14,Forest,Forest,0,1
BP16,12.6.13,COL_AM_POLLOS_0340,0.235855887,10.58023429,V14,V14,Forest,Forest,0,1
BP16,12.6.13,COL_AM_POLLOS_0341,0.247038663,9.981414118,V14,V14,Forest,Forest,0,1
BP16,12.6.13,COL_AM_POLLOS_0342,0.234241082,10.26528155,V14,V14,Forest,Forest,0,1
BP17,12.6.13,COL_AM_POLLOS_0343,0.349966759,11.46368737,V14,V140,Forest,Forest,0,2
BP17,12.6.13,COL_AM_POLLOS_0344,0.4127791,11.07950038,V14,V140,Forest,Forest,0,2
BP17,12.6.13,COL_AM_POLLOS_0345,0.401188804,10.0427397,V14,V140,Forest,Forest,0,2
BP17,12.6.13,COL_AM_POLLOS_0346,0.368751456,11.61067518,V14,V140,Forest,Forest,0,2
BP17,12.6.13,COL_AM_POLLOS_0347,0.318026109,10.68419789,V14,V140,Forest,Forest,0,2
BP17,12.6.13,COL_AM_POLLOS_0348,0.335317516,11.86655655,V14,V140,Forest,Forest,0,2
BP19,12.6.13,COL_AM_POLLOS_0349,0.427315211,11.52500778,P48,V140,Urban,Forest,1,1
BP19,12.6.13,COL_AM_POLLOS_0350,0.409589386,12.17465705,P48,V140,Urban,Forest,1,1
BP19,12.6.13,COL_AM_POLLOS_0351,0.35912088,12.53281225,P48,V140,Urban,Forest,1,1
BP19,12.6.13,COL_AM_POLLOS_0352,0.371115622,13.08694895,P48,V140,Urban,Forest,1,1
BP19,12.6.13,COL_AM_POLLOS_0353,0.380685912,12.92310978,P48,V140,Urban,Forest,1,1
BP19,12.6.13,COL_AM_POLLOS_0354,0.348803542,12.84453242,P48,V140,Urban,Forest,1,1
BP20,12.6.13,COL_AM_POLLOS_0355,0.370569295,10.76728202,P48,V140,Urban,Forest,1,2
BP20,12.6.13,COL_AM_POLLOS_0356,0.403270579,12.51396365,P48,V140,Urban,Forest,1,2
BP20,12.6.13,COL_AM_POLLOS_0357,0.418510635,10.72705153,P48,V140,Urban,Forest,1,2
BP20,12.6.13,COL_AM_POLLOS_0358,0.393204889,10.22974095,P48,V140,Urban,Forest,1,2
BP20,12.6.13,COL_AM_POLLOS_0359,0.362036515,10.52844406,P48,V140,Urban,Forest,1,2
BP20,12.6.13,COL_AM_POLLOS_0360,0.334722622,11.53351155,P48,V140,Urban,Forest,1,2
BP39,12.6.13,COL_AM_POLLOS_0361,0.488010849,11.00977829,V219,V219,Forest,Forest,0,2
BP39,12.6.13,COL_AM_POLLOS_0362,0.496380602,12.32713352,V219,V219,Forest,Forest,0,2
BP39,12.6.13,COL_AM_POLLOS_0363,0.434028056,12.30781286,V219,V219,Forest,Forest,0,2
BP39,12.6.13,COL_AM_POLLOS_0364,0.375246034,9.720299269,V219,V219,Forest,Forest,0,2
BP39,12.6.13,COL_AM_POLLOS_0365,0.401804208,11.42722053,V219,V219,Forest,Forest,0,2
BP39,12.6.13,COL_AM_POLLOS_0366,0.388057807,10.92435684,V219,V219,Forest,Forest,0,2
BP40,12.6.13,COL_AM_POLLOS_0367,0.430346019,10.00241933,P9,V219,Urban,Forest,1,2
BP40,12.6.13,COL_AM_POLLOS_0368,0.365761248,10.54025863,P9,V219,Urban,Forest,1,2
BP40,12.6.13,COL_AM_POLLOS_0369,0.369890071,9.168932501,P9,V219,Urban,Forest,1,2
BP40,12.6.13,COL_AM_POLLOS_0370,0.401299706,11.36060338,P9,V219,Urban,Forest,1,2
BP40,12.6.13,COL_AM_POLLOS_0371,0.447848921,11.86630051,P9,V219,Urban,Forest,1,2
BP40,12.6.13,COL_AM_POLLOS_0372,0.390618697,9.929815719,P9,V219,Urban,Forest,1,2
BP41,12.6.13,COL_AM_POLLOS_0373,0.416853414,11.80982993,V219,V219,Forest,Forest,0,1
BP41,12.6.13,COL_AM_POLLOS_0374,0.344437306,9.67517964,V219,V219,Forest,Forest,0,1
BP41,12.6.13,COL_AM_POLLOS_0375,0.350611021,11.2412802,V219,V219,Forest,Forest,0,1
BP41,12.6.13,COL_AM_POLLOS_0376,0.407618672,12.9201528,V219,V219,Forest,Forest,0,1
BP41,12.6.13,COL_AM_POLLOS_0377,0.300526184,12.7599551,V219,V219,Forest,Forest,0,1
BP41,12.6.13,COL_AM_POLLOS_0378,0.280438582,12.25045996,V219,V219,Forest,Forest,0,1
BP42,12.6.13,COL_AM_POLLOS_0379,0.390436222,13.05870035,P9,V219,Urban,Forest,1,1
BP42,12.6.13,COL_AM_POLLOS_0380,0.451838551,11.52710761,P9,V219,Urban,Forest,1,1
BP42,12.6.13,COL_AM_POLLOS_0381,0.372443143,12.85470281,P9,V219,Urban,Forest,1,1
BP42,12.6.13,COL_AM_POLLOS_0382,0.376820228,11.94058691,P9,V219,Urban,Forest,1,1
BP42,12.6.13,COL_AM_POLLOS_0383,0.32428581,12.09220853,P9,V219,Urban,Forest,1,1
BP42,12.6.13,COL_AM_POLLOS_0384,0.241818495,12.98221479,P9,V219,Urban,Forest,1,1
BP45,12.6.13,COL_AM_POLLOS_0385,0.342172509,11.2572061,V15,V15,Forest,Forest,0,1
BP45,12.6.13,COL_AM_POLLOS_0386,0.364678633,10.22099938,V15,V15,Forest,Forest,0,1
BP45,12.6.13,COL_AM_POLLOS_0387,0.350179203,11.80519365,V15,V15,Forest,Forest,0,1
BP45,12.6.13,COL_AM_POLLOS_0388,0.449065532,10.81130392,V15,V15,Forest,Forest,0,1
BP45,12.6.13,COL_AM_POLLOS_0389,0.427976389,11.89251124,V15,V15,Forest,Forest,0,1
BP45,12.6.13,COL_AM_POLLOS_0390,0.326917459,11.62265234,V15,V15,Forest,Forest,0,1
BP46,12.6.13,COL_AM_POLLOS_0391,0.252855199,11.75345939,P23,V15,Urban,Forest,1,1
BP46,12.6.13,COL_AM_POLLOS_0392,0.285201558,11.51548758,P23,V15,Urban,Forest,1,1
BP46,12.6.13,COL_AM_POLLOS_0393,0.209622317,12.53610314,P23,V15,Urban,Forest,1,1
BP46,12.6.13,COL_AM_POLLOS_0394,0.239444899,12.35110467,P23,V15,Urban,Forest,1,1
BP46,12.6.13,COL_AM_POLLOS_0395,0.314732045,12.37642651,P23,V15,Urban,Forest,1,1
BP46,12.6.13,COL_AM_POLLOS_0396,0.362360198,11.48395334,P23,V15,Urban,Forest,1,1
BP47,12.6.13,COL_AM_POLLOS_0397,0.317369463,9.919159235,V15,V15,Forest,Forest,0,2
BP47,12.6.13,COL_AM_POLLOS_0398,0.308781247,11.59517779,V15,V15,Forest,Forest,0,2
BP47,12.6.13,COL_AM_POLLOS_0399,0.426647636,8.668543916,V15,V15,Forest,Forest,0,2
BP47,12.6.13,COL_AM_POLLOS_0400,0.457743278,10.23553842,V15,V15,Forest,Forest,0,2
BP47,12.6.13,COL_AM_POLLOS_0401,0.445309353,9.928235913,V15,V15,Forest,Forest,0,2
BP47,12.6.13,COL_AM_POLLOS_0402,0.399967072,9.118326084,V15,V15,Forest,Forest,0,2
BP51,12.6.13,COL_AM_POLLOS_0403,0.283459375,9.347535781,P23,V15,Urban,Forest,1,1
BP51,12.6.13,COL_AM_POLLOS_0404,0.343800384,9.814315781,P23,V15,Urban,Forest,1,1
BP51,12.6.13,COL_AM_POLLOS_0405,0.397808647,9.05745298,P23,V15,Urban,Forest,1,1
BP51,12.6.13,COL_AM_POLLOS_0406,0.445143421,11.23329337,P23,V15,Urban,Forest,1,1
BP51,12.6.13,COL_AM_POLLOS_0407,0.365436111,11.40557429,P23,V15,Urban,Forest,1,1
BP51,12.6.13,COL_AM_POLLOS_0408,0.338502763,10.65692531,P23,V15,Urban,Forest,1,1
BP108,14.6.13,COL_AM_POLLOS_0409,0.400393344,13.14042039,P67,V381,Urban,Forest,1,1
BP108,14.6.13,COL_AM_POLLOS_0410,0.347731135,12.05305915,P67,V381,Urban,Forest,1,1
BP108,14.6.13,COL_AM_POLLOS_0411,0.364549738,13.99182009,P67,V381,Urban,Forest,1,1
BP108,14.6.13,COL_AM_POLLOS_0412,0.226284989,12.08074687,P67,V381,Urban,Forest,1,1
BP108,14.6.13,COL_AM_POLLOS_0413,0.387675489,12.67238461,P67,V381,Urban,Forest,1,1
BP108,14.6.13,COL_AM_POLLOS_0414,0.375315288,13.9393875,P67,V381,Urban,Forest,1,1
BP111,14.6.13,COL_AM_POLLOS_0415,0.447749916,9.318671978,P67,V381,Urban,Forest,1,2
BP111,14.6.13,COL_AM_POLLOS_0416,0.389728066,8.683912076,P67,V381,Urban,Forest,1,2
BP111,14.6.13,COL_AM_POLLOS_0417,0.380089758,9.014786604,P67,V381,Urban,Forest,1,2
BP111,14.6.13,COL_AM_POLLOS_0418,0.434266251,8.292914241,P67,V381,Urban,Forest,1,2
BP111,14.6.13,COL_AM_POLLOS_0419,0.405058021,10.80829843,P67,V381,Urban,Forest,1,2
BP111,14.6.13,COL_AM_POLLOS_0420,0.304174691,9.069497997,P67,V381,Urban,Forest,1,2
BP112,14.6.13,COL_AM_POLLOS_0421,0.42736188,10.20356996,V381,V381,Forest,Forest,0,2
BP112,14.6.13,COL_AM_POLLOS_0422,0.370095757,9.892385788,V381,V381,Forest,Forest,0,2
BP112,14.6.13,COL_AM_POLLOS_0423,0.374137625,11.48428631,V381,V381,Forest,Forest,0,2
BP112,14.6.13,COL_AM_POLLOS_0424,0.293231903,9.676826988,V381,V381,Forest,Forest,0,2
BP112,14.6.13,COL_AM_POLLOS_0425,0.303118715,11.02990523,V381,V381,Forest,Forest,0,2
BP112,14.6.13,COL_AM_POLLOS_0426,0.301674187,10.79464705,V381,V381,Forest,Forest,0,2
BP115,14.6.13,COL_AM_POLLOS_0427,0.409600851,7.619459927,V381,V381,Forest,Forest,0,1
BP115,14.6.13,COL_AM_POLLOS_0428,0.423772624,7.14314159,V381,V381,Forest,Forest,0,1
BP115,14.6.13,COL_AM_POLLOS_0429,0.433192909,8.018166868,V381,V381,Forest,Forest,0,1
BP115,14.6.13,COL_AM_POLLOS_0430,0.411409702,9.168302455,V381,V381,Forest,Forest,0,1
BP115,14.6.13,COL_AM_POLLOS_0431,0.437446045,8.399871389,V381,V381,Forest,Forest,0,1
BP115,14.6.13,COL_AM_POLLOS_0432,0.400837075,11.30583338,V381,V381,Forest,Forest,0,1
BC303,13.6.13,COL_AM_POLLOS_0433,0.383486239,10.56031275,V238,S8,Forest,Urban,1,2
BC303,13.6.13,COL_AM_POLLOS_0434,0.326987225,10.4217303,V238,S8,Forest,Urban,1,2
BC303,13.6.13,COL_AM_POLLOS_0435,0.368813162,10.40467074,V238,S8,Forest,Urban,1,2
BC303,13.6.13,COL_AM_POLLOS_0436,0.321277889,10.21872971,V238,S8,Forest,Urban,1,2
BC303,13.6.13,COL_AM_POLLOS_0437,0.272560776,9.085680415,V238,S8,Forest,Urban,1,2
BC303,13.6.13,COL_AM_POLLOS_0438,0.457675304,10.31051902,V238,S8,Forest,Urban,1,2
BC302,16.3.13,COL_AM_POLLOS_0439,0.27736502,8.25077311,S8,S8,Urban,Urban,0,1
BC302,16.3.13,COL_AM_POLLOS_0440,0.345747756,8.678676231,S8,S8,Urban,Urban,0,1
BC302,16.3.13,COL_AM_POLLOS_0441,0.344987455,8.031170978,S8,S8,Urban,Urban,0,1
BC302,16.3.13,COL_AM_POLLOS_0442,0.441217381,9.239078229,S8,S8,Urban,Urban,0,1
BC302,16.3.13,COL_AM_POLLOS_0443,0.585225211,8.716650864,S8,S8,Urban,Urban,0,1
BC302,16.3.13,COL_AM_POLLOS_0444,0.393084015,9.619441623,S8,S8,Urban,Urban,0,1
BC296,NO DATE,COL_AM_POLLOS_0445,0.49109571,7.240128719,V33,P148,Forest,Urban,1,1
BC296,NO DATE,COL_AM_POLLOS_0446,0.528197413,6.312783246,V33,P148,Forest,Urban,1,1
BC296,NO DATE,COL_AM_POLLOS_0447,0.482193413,6.618580796,V33,P148,Forest,Urban,1,1
BC296,NO DATE,COL_AM_POLLOS_0448,0.442842643,7.908842288,V33,P148,Forest,Urban,1,1
BC296,NO DATE,COL_AM_POLLOS_0449,0.419584438,6.405617414,V33,P148,Forest,Urban,1,1
BC296,NO DATE,COL_AM_POLLOS_0450,0.379010596,8.897128021,V33,P148,Forest,Urban,1,1
BC110,5.6.13,COL_AM_POLLOS_0451,0.467125149,8.371703114,P55,P55,Urban,Urban,0,2
BC110,5.6.13,COL_AM_POLLOS_0452,0.343769329,10.38334767,P55,P55,Urban,Urban,0,2
BC110,5.6.13,COL_AM_POLLOS_0453,0.448058787,9.13150683,P55,P55,Urban,Urban,0,2
BC110,5.6.13,COL_AM_POLLOS_0454,0.366630385,9.480238904,P55,P55,Urban,Urban,0,2
BC110,5.6.13,COL_AM_POLLOS_0455,0.314384119,9.566593971,P55,P55,Urban,Urban,0,2
BC110,5.6.13,COL_AM_POLLOS_0456,0.433998859,11.12017634,P55,P55,Urban,Urban,0,2
BC124,5.6.13,COL_AM_POLLOS_0457,0.49363913,7.461675055,V153,V153,Forest,Forest,0,2
BC124,5.6.13,COL_AM_POLLOS_0458,0.561724317,7.956878985,V153,V153,Forest,Forest,0,2
BC124,5.6.13,COL_AM_POLLOS_0459,0.589261987,9.068843269,V153,V153,Forest,Forest,0,2
BC124,5.6.13,COL_AM_POLLOS_0460,0.609929852,10.00462045,V153,V153,Forest,Forest,0,2
BC124,5.6.13,COL_AM_POLLOS_0461,0.488124535,9.543266027,V153,V153,Forest,Forest,0,2
BC124,5.6.13,COL_AM_POLLOS_0462,0.494426736,8.575434726,V153,V153,Forest,Forest,0,2
BP108,14.6.13,COL_AM_POLLOS_0463,0.396605786,12.130785,P67,V381,Urban,Forest,1,1
BP108,14.6.13,COL_AM_POLLOS_0464,0.413949418,12.13309118,P67,V381,Urban,Forest,1,1
BP108,14.6.13,COL_AM_POLLOS_0465,0.399154446,12.05933141,P67,V381,Urban,Forest,1,1
BP108,14.6.13,COL_AM_POLLOS_0466,0.37173271,11.8191909,P67,V381,Urban,Forest,1,1
BP108,14.6.13,COL_AM_POLLOS_0467,0.378398133,12.28371609,P67,V381,Urban,Forest,1,1
BP108,14.6.13,COL_AM_POLLOS_0468,0.306266267,12.17546715,P67,V381,Urban,Forest,1,1
BP41,12.5.13,COL_AM_POLLOS_0469,0.472849011,13.81318247,V219,V219,Forest,Forest,0,1
BP41,12.5.13,COL_AM_POLLOS_0470,0.43812286,11.92221643,V219,V219,Forest,Forest,0,1
BP41,12.5.13,COL_AM_POLLOS_0471,0.313445584,11.84582438,V219,V219,Forest,Forest,0,1
BP41,12.5.13,COL_AM_POLLOS_0472,0.427502225,10.81832702,V219,V219,Forest,Forest,0,1
BP41,12.5.13,COL_AM_POLLOS_0473,0.445956283,10.37172506,V219,V219,Forest,Forest,0,1
BP41,12.5.13,COL_AM_POLLOS_0474,0.427050904,10.88387737,V219,V219,Forest,Forest,0,1
BP20,12.6.13,COL_AM_POLLOS_0475,0.296737615,10.66369465,P48,V140,Urban,Forest,1,2
BP20,12.6.13,COL_AM_POLLOS_0476,0.301626175,9.422041409,P48,V140,Urban,Forest,1,2
BP20,12.6.13,COL_AM_POLLOS_0477,0.326017793,11.21227665,P48,V140,Urban,Forest,1,2
BP20,12.6.13,COL_AM_POLLOS_0478,0.393513454,11.63694521,P48,V140,Urban,Forest,1,2
BP20,12.6.13,COL_AM_POLLOS_0479,0.39606501,9.787561647,P48,V140,Urban,Forest,1,2
BP20,12.6.13,COL_AM_POLLOS_0480,0.364249154,11.16927472,P48,V140,Urban,Forest,1,2
BP19,12.6.13,COL_AM_POLLOS_0481,0.363683454,12.05996494,P48,V140,Urban,Forest,1,1
BP19,12.6.13,COL_AM_POLLOS_0482,0.310563481,11.94690554,P48,V140,Urban,Forest,1,1
BP19,12.6.13,COL_AM_POLLOS_0483,0.379729505,12.22566711,P48,V140,Urban,Forest,1,1
BP19,12.6.13,COL_AM_POLLOS_0484,0.333784762,11.41166023,P48,V140,Urban,Forest,1,1
BP19,12.6.13,COL_AM_POLLOS_0485,0.293052838,13.35475634,P48,V140,Urban,Forest,1,1
BP19,12.6.13,COL_AM_POLLOS_0486,0.319265263,12.08070388,P48,V140,Urban,Forest,1,1
BC282,12.6.13,COL_AM_POLLOS_0487,0.312850108,10.35489718,VP140,P48,Forest,Urban,1,2
BC282,12.6.13,COL_AM_POLLOS_0488,0.314005284,11.0402315,VP140,P48,Forest,Urban,1,2
BC282,12.6.13,COL_AM_POLLOS_0489,0.426898437,9.775054283,VP140,P48,Forest,Urban,1,2
BC282,12.6.13,COL_AM_POLLOS_0490,0.36752129,9.947453142,VP140,P48,Forest,Urban,1,2
BC282,12.6.13,COL_AM_POLLOS_0491,0.415941232,10.12433555,VP140,P48,Forest,Urban,1,2
BC282,12.6.13,COL_AM_POLLOS_0492,0.389410446,9.448949028,VP140,P48,Forest,Urban,1,2
BC281,12.6.13,COL_AM_POLLOS_0493,0.327235984,9.07897237,P48,P48,Urban,Urban,0,1
BC281,12.6.13,COL_AM_POLLOS_0494,0.423627662,8.166078165,P48,P48,Urban,Urban,0,1
BC281,12.6.13,COL_AM_POLLOS_0495,0.499485831,8.277149011,P48,P48,Urban,Urban,0,1
BC281,12.6.13,COL_AM_POLLOS_0496,0.503205467,9.063195247,P48,P48,Urban,Urban,0,1
BC281,12.6.13,COL_AM_POLLOS_0497,0.470102983,8.130171016,P48,P48,Urban,Urban,0,1
BC281,12.6.13,COL_AM_POLLOS_0498,0.410329544,9.75038934,P48,P48,Urban,Urban,0,1
BC153,7.6.13,COL_AM_POLLOS_0499,0.561333074,11.24692356,V148,V148,Forest,Forest,0,1
BC153,7.6.13,COL_AM_POLLOS_0500,0.609147203,9.875012854,V148,V148,Forest,Forest,0,1
BC153,7.6.13,COL_AM_POLLOS_0501,0.570618871,10.86217395,V148,V148,Forest,Forest,0,1
BC153,7.6.13,COL_AM_POLLOS_0502,0.529340942,9.650312446,V148,V148,Forest,Forest,0,1
BC153,7.6.13,COL_AM_POLLOS_0503,0.553656119,11.43638007,V148,V148,Forest,Forest,0,1
BC153,7.6.13,COL_AM_POLLOS_0504,0.499007407,10.90350146,V148,V148,Forest,Forest,0,1
BC151,7.6.13,COL_AM_POLLOS_0505,0.593183611,10.0933429,S124,V148,Urban,Forest,1,1
BC151,7.6.13,COL_AM_POLLOS_0506,0.65034503,9.03708409,S124,V148,Urban,Forest,1,1
BC151,7.6.13,COL_AM_POLLOS_0507,0.645490289,9.060926134,S124,V148,Urban,Forest,1,1
BC151,7.6.13,COL_AM_POLLOS_0508,0.644819448,9.285451884,S124,V148,Urban,Forest,1,1
BC151,7.6.13,COL_AM_POLLOS_0509,0.558209309,9.015226279,S124,V148,Urban,Forest,1,1
BC151,7.6.13,COL_AM_POLLOS_0510,0.563114168,9.891019066,S124,V148,Urban,Forest,1,1
BA81,11.6.13,COL_AM_POLLOS_0511,0.452642882,12.26089538,P138,P138,Urban,Urban,0,2
BA81,11.6.13,COL_AM_POLLOS_0512,0.359101599,11.49347588,P138,P138,Urban,Urban,0,2
BA81,11.6.13,COL_AM_POLLOS_0513,0.332770076,11.03864669,P138,P138,Urban,Urban,0,2
BA81,11.6.13,COL_AM_POLLOS_0514,0.393332464,11.16612892,P138,P138,Urban,Urban,0,2
BA81,11.6.13,COL_AM_POLLOS_0515,0.393352631,13.59091031,P138,P138,Urban,Urban,0,2
BA81,11.6.13,COL_AM_POLLOS_0516,0.451305858,10.71907441,P138,P138,Urban,Urban,0,2
BC108,5.6.13,COL_AM_POLLOS_0517,0.531461866,10.93031898,V153,P55,Forest,Urban,1,2
BC108,5.6.13,COL_AM_POLLOS_0518,0.598261612,11.80986684,V153,P55,Forest,Urban,1,2
BC108,5.6.13,COL_AM_POLLOS_0519,0.563632382,11.13772224,V153,P55,Forest,Urban,1,2
BC108,5.6.13,COL_AM_POLLOS_0520,0.528029704,11.90695175,V153,P55,Forest,Urban,1,2
BC108,5.6.13,COL_AM_POLLOS_0521,0.509357665,10.99693988,V153,P55,Forest,Urban,1,2
BC108,5.6.13,COL_AM_POLLOS_0522,0.500273052,11.01066551,V153,P55,Forest,Urban,1,2